Start Time,Mean Abs Value,Duration,Calculated Speed
0.259935,0.06177276079279353,0.5287566666666668,14.758602684284513
0.7886916666666668,0.059826225179004607,0.5509733333333331,14.163497737337565
1.3396649999999999,0.05678495063285118,0.5820766666666668,13.406669613968374
1.9217416666666667,0.054019711611889835,0.6109583333333335,12.772899777671688
2.5327,0.05000559182778248,0.6576133333333329,11.866714320472017
3.190313333333333,0.04704327000982867,0.6976033333333334,11.186456811655143
